{"name":"ca5fa3f5-3320-407f-bc50-75078e26ba4c","id":"/providers/Microsoft.Flow/flows/ca5fa3f5-3320-407f-bc50-75078e26ba4c","type":"Microsoft.Flow/flows","properties":{"apiId":"/providers/Microsoft.PowerApps/apis/shared_logicflows","displayName":"When a message is received in a topic subscription (auto-complete) ...","definition":{"metadata":{"workflowEntityId":null,"processAdvisorMetadata":null,"flowclientsuspensionreason":"None","flowclientsuspensiontime":null,"flowclientsuspensionreasondetails":null,"creator":{"id":"f57bbad4-38e3-4d6f-9d06-4a19514cf84a","type":"User","tenantId":"93004b47-238e-4ef7-b9f7-8085640be5b8"},"provisioningMethod":"FromDefinition","failureAlertSubscription":true,"clientLastModifiedTime":"2023-02-21T21:35:43.1636254Z"},"$schema":"https://schema.management.azure.com/providers/Microsoft.Logic/schemas/2016-06-01/workflowdefinition.json#","contentVersion":"1.0.0.0","parameters":{"$connections":{"defaultValue":{},"type":"Object"},"$authentication":{"defaultValue":{},"type":"SecureObject"}},"triggers":{"When_one_or_more_messages_arrive_in_a_topic_(peek-lock)":{"recurrence":{"frequency":"Minute","interval":1},"splitOn":"@triggerOutputs()?['body']","metadata":{"operationMetadataId":"2d779869-6a0d-4b82-8e88-fc080ef5192b"},"type":"OpenApiConnection","inputs":{"host":{"apiId":"/providers/Microsoft.PowerApps/apis/shared_servicebus","connectionName":"shared_servicebus_1","operationId":"GetNewMessagesFromTopicWithPeekLock"},"parameters":{"topicName":"order","subscriptionName":"order_created","maxMessageCount":20,"subscriptionType":"Main","sessionId":"Next Available"},"authentication":"@parameters('$authentication')"}}},"actions":{"CreateOrder":{"runAfter":{},"metadata":{"operationMetadataId":"c5361ac1-da7f-4628-a629-b1e1ac85f64a"},"type":"OpenApiConnection","inputs":{"host":{"apiId":"/providers/Microsoft.PowerApps/apis/shared_ppb-2dorderapi-5fdc56ea1547ca972d-5fdd225a68c2b6a00f","connectionName":"shared_ppb-2dorderapi-5fdc56ea1547ca972d-5fdd225a68c2b6a00f","operationId":"CreateOrder"},"parameters":{"body":"@decodeBase64(triggerOutputs()['body']?['ContentData'])"},"authentication":"@parameters('$authentication')"}},"SignalR_Broadcast_API":{"runAfter":{"CreateOrder":["Succeeded"]},"metadata":{"operationMetadataId":"2d7eb1bb-fbf0-4552-a5c5-845a5b530640"},"type":"OpenApiConnection","inputs":{"host":{"apiId":"/providers/Microsoft.PowerApps/apis/shared_ppb-2dorderapi-5fdc56ea1547ca972d-5fdd225a68c2b6a00f","connectionName":"shared_ppb-2dorderapi-5fdc56ea1547ca972d-5fdd225a68c2b6a00f","operationId":"BroadcastMessage"},"parameters":{"body/id":"@outputs('CreateOrder')?['body/id']","body/productName":"@outputs('CreateOrder')?['body/productName']","body/isApproved":false},"authentication":"@parameters('$authentication')"}},"Complete_the_message_in_a_topic_subscription":{"runAfter":{"SignalR_Broadcast_API":["Succeeded"]},"metadata":{"operationMetadataId":"61b22605-55b6-4a5d-9431-c9c9ad015635"},"type":"OpenApiConnection","inputs":{"host":{"apiId":"/providers/Microsoft.PowerApps/apis/shared_servicebus","connectionName":"shared_servicebus_1","operationId":"CompleteMessageInTopic"},"parameters":{"topicName":"order","subscriptionName":"order_created","lockToken":"@triggerOutputs()?['body/LockToken']","subscriptionType":"Main","sessionId":"@triggerOutputs()?['body/SessionId']"},"authentication":"@parameters('$authentication')"}}}},"connectionReferences":{"shared_ppb-2dorderapi-5fdc56ea1547ca972d-5fdd225a68c2b6a00f":{"connectionName":"6e07ee44-4b40-4587-b0aa-79fb-b677c4a7","source":"Embedded","id":"/providers/Microsoft.PowerApps/apis/shared_ppb-2dorderapi-5fdc56ea1547ca972d-5fdd225a68c2b6a00f","tier":"NotSpecified"},"shared_servicebus_1":{"connectionName":"shared-servicebus-d586a281-8502-4c2b-84d6-061279049d9a","source":"Embedded","id":"/providers/Microsoft.PowerApps/apis/shared_servicebus","tier":"NotSpecified"}},"flowFailureAlertSubscribed":false,"isManaged":false}}