<ImportExportXml xmlns:xsi="http://www.w3.org/2001/XMLSchema-instance">
  <Entities></Entities>
  <Roles></Roles>
  <Workflows></Workflows>
  <FieldSecurityProfiles></FieldSecurityProfiles>
  <Templates />
  <EntityMaps />
  <EntityRelationships />
  <OrganizationSettings />
  <optionsets />
  <CustomControls />
  <EntityDataProviders />
  <Connectors>
    <Connector>
      <connectorid>1d1827cd-c34e-41cb-a4b2-ae65c8b81ddb</connectorid>
      <description></description>
      <displayname>PPB-OrderApi</displayname>
      <iconbrandcolor>#007ee5</iconbrandcolor>
      <name>dev_ppb-2dorderapi</name>
      <connectortype>1</connectortype>
      <openapidefinition>/Connector/dev_ppb-2dorderapi_openapidefinition.json</openapidefinition>
      <connectionparameters>/Connector/dev_ppb-2dorderapi_connectionparameters.json</connectionparameters>
      <policytemplateinstances>/Connector/dev_ppb-2dorderapi_policytemplateinstances.json</policytemplateinstances>
      <iconblob>/Connector/dev_ppb-2dorderapi_iconblob.Png</iconblob>
    </Connector>
  </Connectors>
  <Languages>
    <Language>1033</Language>
  </Languages>
</ImportExportXml>